target,model,run_id,accuracy_overall,f1_macro_overall,f1_weighted_overall,f1_macro_mean,f1_macro_std,training_time_sec
accumulator,hist_gradient_boosting,1bb3443b255d483a8e787ebd9c384f2c,0.8512471655328798,0.8557697867424119,0.8509775753464401,0.8515772983726144,0.07752211711276952,8.46395904199926
accumulator,random_forest,243ecffc8f8548e4adff17c86be70db8,0.7913832199546486,0.7988724390177477,0.7891632343081981,0.7852262422645976,0.12319527953146102,1.0799822500011942
accumulator,logistic_regression,08a91d5a5ce04f8f9805093342cb64fe,0.8068027210884354,0.7869516119897828,0.8112808585300878,0.785388808137532,0.04682604347788782,0.1927026659996045
cooler,random_forest,8d010c3251044b239bf64925c5838885,0.9936507936507937,0.9936606234524025,0.9936507188063323,0.993884789988836,0.0052796440808702775,0.9195557919993007
cooler,hist_gradient_boosting,f0559b8c16f54f968bec6c35cc2de414,0.9882086167800453,0.9882318401733864,0.988211982050773,0.9885692590028244,0.015824778784183233,5.481390458000533
cooler,logistic_regression,0e4ab621840847e08b5474e95bd46a50,0.9873015873015873,0.9873164622114184,0.9873460790660148,0.9877836279329469,0.013117466336382368,0.06733600000006845
pump,hist_gradient_boosting,b8da0e7dc96f4bca81aa22c76947f490,0.9927437641723356,0.9893594728077534,0.9927420309578754,0.9893516460981033,0.009149867788590999,6.382121957998606
pump,logistic_regression,27ba6520fa0e4c64a335e6f72e8db3bc,0.9845804988662131,0.9809205914267655,0.9846445068752904,0.9809709568766511,0.011375459971427856,0.12747516600029485
pump,random_forest,b289964021d1490ca7df8db657eab7c3,0.9868480725623583,0.9805521871054679,0.98684643087194,0.9805176471600517,0.020181211322141592,0.931209750000562
valve,hist_gradient_boosting,544cf3d871e54f45be67d85e13e96d8b,0.9419501133786848,0.9326339240553644,0.9428070701905485,0.9333548634564965,0.04322682124763509,9.212641875001282
valve,random_forest,9539ca06e43f45b0af4d1fce6b57fd60,0.9306122448979591,0.9036811102915363,0.9304938983364012,0.9023697386477039,0.0514232502072447,1.0526188339990767
valve,logistic_regression,03e59a5287044c14a094c4ed4606eb4f,0.7365079365079366,0.7095932344659314,0.7515976294398113,0.7107996413179841,0.09748241266925162,0.23427212500064343
